{"cameraMode":{"drawMode":0,"name":"Shaded","section":"Shading Mode"},"sceneLighting":true,"audioPlay":false,"sceneViewState":{"m_AlwaysRefresh":false,"showFog":true,"showSkybox":true,"showFlares":true,"showImageEffects":true,"showParticleSystems":true,"showVisualEffectGraphs":true,"m_FxEnabled":true},"in2DMode":false,"pivot":{"x":-332.32879638671877,"y":70.63873291015625,"z":226.96124267578126},"rotation":{"x":0.39086925983428957,"y":0.07278282940387726,"z":-0.03098435513675213,"w":0.917067289352417},"size":442.5147705078125,"orthographic":true}