{"cameraMode":{"drawMode":0,"name":"Shaded","section":"Shading Mode"},"sceneLighting":true,"audioPlay":false,"sceneViewState":{"m_AlwaysRefresh":false,"showFog":true,"showSkybox":true,"showFlares":true,"showImageEffects":true,"showParticleSystems":true,"showVisualEffectGraphs":true,"m_FxEnabled":true},"in2DMode":false,"pivot":{"x":-206.76803588867188,"y":41.291439056396487,"z":-6.4936065673828129},"rotation":{"x":0.04431185498833656,"y":-0.9504850506782532,"z":0.16003715991973878,"w":0.26325273513793948},"size":80.40426635742188,"orthographic":false}