{"cameraMode":{"drawMode":0,"name":"Shaded","section":"Shading Mode"},"sceneLighting":true,"audioPlay":false,"sceneViewState":{"m_AlwaysRefresh":false,"showFog":true,"showSkybox":true,"showFlares":true,"showImageEffects":true,"showParticleSystems":true,"showVisualEffectGraphs":true,"m_FxEnabled":true},"in2DMode":false,"pivot":{"x":191.21327209472657,"y":20.578516006469728,"z":202.5721893310547},"rotation":{"x":0.22105136513710023,"y":0.7785773873329163,"z":-0.4003058969974518,"w":0.42995986342430117},"size":17.473934173583986,"orthographic":true}