{"cameraMode":{"drawMode":0,"name":"Shaded","section":"Shading Mode"},"sceneLighting":false,"audioPlay":false,"sceneViewState":{"m_AlwaysRefresh":false,"showFog":true,"showSkybox":true,"showFlares":true,"showImageEffects":true,"showParticleSystems":true,"showVisualEffectGraphs":true,"m_FxEnabled":true},"in2DMode":false,"pivot":{"x":196.23941040039063,"y":19.098169326782228,"z":227.68728637695313},"rotation":{"x":-0.25492730736732485,"y":-0.12202910333871842,"z":0.032022345811128619,"w":-0.9588452577590942},"size":28.36036491394043,"orthographic":false}