{"cameraMode":{"drawMode":0,"name":"Shaded","section":"Shading Mode"},"sceneLighting":true,"audioPlay":false,"sceneViewState":{"m_AlwaysRefresh":false,"showFog":true,"showSkybox":true,"showFlares":true,"showImageEffects":true,"showParticleSystems":true,"showVisualEffectGraphs":true,"m_FxEnabled":true},"in2DMode":false,"pivot":{"x":-758.2740478515625,"y":13.576115608215332,"z":-1695.9415283203125},"rotation":{"x":0.07266579568386078,"y":-0.8752878904342651,"z":0.13938118517398835,"w":0.4577689468860626},"size":1029.2664794921875,"orthographic":false}