{"cameraMode":{"drawMode":0,"name":"Shaded","section":"Shading Mode"},"sceneLighting":false,"audioPlay":false,"sceneViewState":{"m_AlwaysRefresh":false,"showFog":true,"showSkybox":true,"showFlares":true,"showImageEffects":true,"showParticleSystems":true,"showVisualEffectGraphs":true,"m_FxEnabled":true},"in2DMode":false,"pivot":{"x":-914.1785278320313,"y":2.6296043395996095,"z":151.83578491210938},"rotation":{"x":-0.26061978936195376,"y":0.7325212955474854,"z":-0.4970490336418152,"w":-0.38551193475723269},"size":34.205989837646487,"orthographic":false}