{"cameraMode":{"drawMode":0,"name":"Shaded","section":"Shading Mode"},"sceneLighting":true,"audioPlay":false,"sceneViewState":{"m_AlwaysRefresh":false,"showFog":true,"showSkybox":true,"showFlares":true,"showImageEffects":true,"showParticleSystems":true,"showVisualEffectGraphs":true,"m_FxEnabled":true},"in2DMode":false,"pivot":{"x":98.21896362304688,"y":325.8856201171875,"z":62.02027893066406},"rotation":{"x":-0.38037657737731936,"y":-0.05430859699845314,"z":0.022388936951756479,"w":-0.9230120778083801},"size":118.48856353759766,"orthographic":true}