{"cameraMode":{"drawMode":0,"name":"Shaded","section":"Shading Mode"},"sceneLighting":true,"audioPlay":false,"sceneViewState":{"m_AlwaysRefresh":false,"showFog":true,"showSkybox":true,"showFlares":true,"showImageEffects":true,"showParticleSystems":true,"showVisualEffectGraphs":true,"m_FxEnabled":true},"in2DMode":false,"pivot":{"x":173.62966918945313,"y":13.348371505737305,"z":173.38690185546876},"rotation":{"x":0.14199389517307282,"y":0.37423622608184817,"z":-0.057801831513643268,"w":0.9146960377693176},"size":46.17363357543945,"orthographic":true}