{"cameraMode":{"drawMode":0,"name":"Shaded","section":"Shading Mode"},"sceneLighting":true,"audioPlay":false,"sceneViewState":{"m_AlwaysRefresh":false,"showFog":true,"showSkybox":true,"showFlares":true,"showImageEffects":true,"showParticleSystems":true,"showVisualEffectGraphs":true,"m_FxEnabled":true},"in2DMode":false,"pivot":{"x":214.55734252929688,"y":26.408363342285158,"z":150.28024291992188},"rotation":{"x":0.09369605779647827,"y":0.5058185458183289,"z":-0.05509348213672638,"w":0.8558861017227173},"size":64.69506072998047,"orthographic":true}