{"cameraMode":{"drawMode":0,"name":"Shaded","section":"Shading Mode"},"sceneLighting":false,"audioPlay":false,"sceneViewState":{"m_AlwaysRefresh":false,"showFog":true,"showSkybox":true,"showFlares":true,"showImageEffects":true,"showParticleSystems":true,"showVisualEffectGraphs":true,"m_FxEnabled":true},"in2DMode":false,"pivot":{"x":171.9224853515625,"y":16.296829223632814,"z":172.05885314941407},"rotation":{"x":0.011573298834264279,"y":-0.9831264019012451,"z":0.1686144322156906,"w":0.07142031937837601},"size":19.449180603027345,"orthographic":false}