{"cameraMode":{"drawMode":0,"name":"Shaded","section":"Shading Mode"},"sceneLighting":false,"audioPlay":false,"sceneViewState":{"m_AlwaysRefresh":false,"showFog":true,"showSkybox":true,"showFlares":true,"showImageEffects":true,"showParticleSystems":true,"showVisualEffectGraphs":true,"m_FxEnabled":true},"in2DMode":false,"pivot":{"x":-709.5928955078125,"y":13.290679931640625,"z":-1699.9652099609375},"rotation":{"x":0.07502517849206925,"y":-0.8666608333587647,"z":0.13811102509498597,"w":0.47373637557029726},"size":78.78887939453125,"orthographic":false}